School Name,Reading,Math,Writing,Total,Address,lat,lng,Stop Name,Stop Lat,Stop Lng
HENRY STREET SCHOOL FOR INTERNATIONAL STUDIES,355,404,363,1122,"220 Henry St, New York, NY 10002, USA",40.71345,-73.986,,,
UNIVERSITY NEIGHBORHOOD HIGH SCHOOL,383,423,366,1172,"200 Monroe St, New York, NY 10002, USA",40.71219,-73.9842,,,
EAST SIDE COMMUNITY SCHOOL,377,402,370,1149,"420 E 12th St, New York, NY 10009, USA",40.72911,-73.9825,,,
FORSYTH SATELLITE ACADEMY,414,401,359,1174,"198 Forsyth St, New York, NY 10002, USA",40.7222,-73.9907,,,
MARTA VALLE HIGH SCHOOL,390,433,384,1207,"145 Stanton St 4th Floor, New York, NY 10002, USA",40.7202,-73.9861,,,
LOWER EAST SIDE PREPARATORY HIGH SCHOOL,332,557,316,1205,"145 Stanton St, New York, NY 10002, USA",40.72009,-73.986,,,
"NEW EXPLORATIONS INTO SCIENCE, TECHNOLOGY AND MATH HIGH SCHOOL",522,574,525,1621,"111 Columbia St, New York, NY 10002",40.72031,-73.978,,,
CASCADES HIGH SCHOOL,417,418,411,1246,"198 Forsyth St, New York, NY 10002, USA",40.72218,-73.9906,,,
BARD HIGH SCHOOL EARLY COLLEGE,624,604,628,1856,"525 E Houston St, New York, NY 10002",40.71919,-73.9732,,,
47 THE AMERICAN SIGN LANGUAGE AND ENGLISH SECONDARY SCHOOL,395,400,387,1182,"223 E 23rd St, New York, NY 10010, USA",40.73878,-73.9814,,,
FOOD AND FINANCE HIGH SCHOOL,409,393,392,1194,"525 W 50th St, New York, NY 10019, USA",40.76531,-73.9923,,,
ESSEX STREET ACADEMY,394,384,378,1156,"350 Grand St, New York, NY 10002, USA",40.71746,-73.9896,,,
HIGH SCHOOL OF HOSPITALITY MANAGEMENT,374,375,362,1111,"525 W 50th St, New York, NY 10019, USA",40.76554,-73.9932,,,
PACE HIGH SCHOOL,423,438,432,1293,"4065 Norris Rd, Pace, FL 32571, USA",30.61429,-87.1543,,,
URBAN ASSEMBLY SCHOOL OF DESIGN AND CONSTRUCTION,404,449,416,1269,"525 W 50th St, New York, NY 10019, USA",40.76554,-73.9932,,,
FACING HISTORY SCHOOL,353,358,340,1051,"525 W 50th St, New York, NY 10019, USA",40.76543,-73.9927,,,
"URBAN ASSEMBLY ACADEMY OF GOVERNMENT AND LAW,",375,388,385,1148,"350 Grand St, New York, NY 10002, USA",40.71735,-73.9893,,,
LOWER MANHATTAN ARTS ACADEMY,403,392,405,1200,"Manhattan, New York, NY, USA",40.78306,-73.9712,,,
"JAMES BALDWIN SCHOOL, THE: A SCHOOL FOR EXPEDITIONARY LEARNING",408,390,390,1188,"351 W 18th St, New York, NY 10011, USA",40.74323,-74.0024,,,
URBAN ASSEMBLY SCHOOL OF BUSINESS FOR YOUNG WOMEN,373,370,384,1127,"26 Broadway, New York, NY 10004",40.70564,-74.0122,,,
GRAMERCY ARTS HIGH SCHOOL,391,391,394,1176,"40 Irving Pl, New York, NY 10003, USA",40.73543,-73.9873,,,
NYC ISCHOOL,473,483,479,1435,"131 6th Ave, New York, NY 10013, USA",40.72468,-74.0051,,,
EMMA LAZARUS HIGH SCHOOL,319,512,357,1188,"100 Hester St, New York, NY 10002, USA",40.71652,-73.9932,,,
HIGH SCHOOL FOR ENVIRONMENTAL STUDIES,465,493,461,1419,"444 W 56th St, New York, NY 10019, USA",40.76798,-73.9882,,,
INSTITUTE FOR COLLABORATIVE EDUCATION,492,465,467,1424,"345 E 15th St, New York, NY 10003, USA",40.73267,-73.9826,,,
PROFESSIONAL PERFORMING ARTS HIGH SCHOOL,509,490,523,1522,"328 W 48th St, New York, NY 10036, USA",40.76123,-73.9886,,,
BARUCH COLLEGE CAMPUS HIGH SCHOOL,496,563,518,1577,"55 E 25th St, New York, NY 10010, USA",40.74185,-73.9859,,,
N.Y.C. LAB SCHOOL FOR COLLABORATIVE STUDIES,537,590,550,1677,"333 W 17th St, New York, NY 10011, USA",40.74243,-74.0026,,,
SCHOOL OF THE FUTURE HIGH SCHOOL,517,533,515,1565,"127 E 22nd St, New York, NY 10010, USA",40.73909,-73.9854,,,
N.Y.C. MUSEUM SCHOOL,468,492,459,1419,"333 W 17th St, New York, NY 10011, USA",40.74244,-74.0027,,,
ELEANOR ROOSEVELT HIGH SCHOOL,572,594,592,1758,"411 E 76th St, New York, NY 10021",40.7704,-73.9524,,,
MILLENNIUM HIGH SCHOOL,528,553,533,1614,"75 Broad St 13th floor, New York, NY 10004, USA",40.70462,-74.0112,,,
LANDMARK HIGH SCHOOL,390,399,381,1170,"351 W 18th St, New York, NY 10011, USA",40.74323,-74.0024,,,
HIGH SCHOOL FOR HEALTH PROFESSIONS AND HUMAN SERVICES,429,449,428,1306,"345 E 15th St, New York, NY 10003, USA",40.73255,-73.9827,,,
LEADERSHIP AND PUBLIC SERVICE HIGH SCHOOL,416,426,391,1233,"90 Trinity Pl, New York, NY 10006, USA",40.70902,-74.0124,,,
MANHATTAN VILLAGE ACADEMY,441,473,458,1372,"43 W 22nd St, New York, NY 10010, USA",40.74192,-73.9923,,,
BAYARD RUSTIN EDUCATIONAL COMPLEX,378,365,368,1111,"351 W 18th St, New York, NY 10011, USA",40.74376,-74.0027,,,
VANGUARD HIGH SCHOOL,395,416,388,1199,"7 NW 28th St, Ocala, FL 34475, USA",29.2161,-82.137,,,
MANHATTAN INTERNATIONAL HIGH SCHOOL,376,460,391,1227,"317 E 67th St, New York, NY 10065, USA",40.76537,-73.9597,,,
WASHINGTON IRVING HIGH SCHOOL,373,387,360,1120,"40 Irving Pl, New York, NY 10003, USA",40.73547,-73.9874,,,
STUYVESANT HIGH SCHOOL,679,735,682,2096,"345 Chambers St, New York, NY 10282, USA",40.71781,-74.0138,,,
HIGH SCHOOL OF ECONOMICS AND FINANCE,443,489,442,1374,"100 Trinity Pl, New York, NY 10006, USA",40.70926,-74.0123,,,
UNITY CENTER FOR URBAN TECHNOLOGIES,370,349,351,1070,"111 E 33rd St, New York, NY 10016, USA",40.74642,-73.9812,,,
TALENT UNLIMITED HIGH SCHOOL,469,472,475,1416,"300 E 68th St, New York, NY 10065, USA",40.76564,-73.9598,,,
MURRY BERGTRAUM HIGH SCHOOL FOR BUSINESS CAREERS,407,440,393,1240,"411 Pearl St, New York, NY 10038, USA",40.71131,-74.0019,,,
JACQUELINE KENNEDY ONASSIS HIGH SCHOOL,414,425,400,1239,"120 W 46th St, New York, NY 10036, USA",40.75779,-73.9834,,,
REPERTORY COMPANY HIGH SCHOOL FOR THEATRE ARTS,429,404,420,1253,"123 W 43rd St, New York, NY 10036, USA",40.75612,-73.9845,,,
MANHATTAN BRIDGES HIGH SCHOOL,336,378,344,1058,"525 W 50th St, New York, NY 10019, USA",40.76524,-73.9927,,,
NEW DESIGN HIGH SCHOOL,391,395,382,1168,"350 Grand St, New York, NY 10002, USA",40.71735,-73.9893,,,
INDEPENDENCE HIGH SCHOOL,389,371,335,1095,"617 N Jackson Ave, San Jose, CA 95133, USA",37.36845,-121.857,,,
HIGH SCHOOL FOR DUAL LANGUAGE AND ASIAN STUDIES,412,581,431,1424,"350 Grand St, New York, NY 10002, USA",40.71732,-73.9893,,,
LIBERTY HIGH SCHOOL ACADEMY FOR NEWCOMERS,368,436,352,1156,"250 W 18th St, New York, NY 10011, USA",40.74183,-74.0002,,,
THE URBAN ASSEMBLY NEW YORK HARBOR SCHOOL,405,423,384,1212,"Hay Rd, Brooklyn, NY 11231, USA",40.69039,-74.0205,,,
HIGH SCHOOL M560 s CITY AS SCHOOL,498,440,477,1415,"16 Clarkson St, New York, NY 10014",40.72935,-74.0056,,,
URBAN ACADEMY LABORATORY HIGH SCHOOL,527,508,512,1547,"317 E 67th St, New York, NY 10065, USA",40.76537,-73.9597,,,
SATELLITE ACADEMY HIGH SCHOOL,350,337,345,1032,"120 W 30th St, New York, NY 10001, USA",40.74743,-73.9906,,,
MANHATTAN COMPREHENSIVE NIGHT AND DAY HIGH SCHOOL,345,517,343,1205,"240 2nd Ave, New York, NY 10003, USA",40.73267,-73.9843,,,
RICHARD R. GREEN HIGH SCHOOL OF TEACHING,408,384,403,1195,"7 Beaver St, New York, NY 10004, USA",40.7051,-74.0128,,,
HARVEY MILK HIGH SCHOOL,458,416,429,1303,"2 Astor Pl 3rd Floor, New York, NY 10003, USA",40.72988,-73.9926,,,
THE HIGH SCHOOL OF FASHION INDUSTRIES,423,423,411,1257,"225 W 24th St, New York, NY 10011, USA",40.74546,-73.9965,,,
HUMANITIES PREPARATORY ACADEMY,426,403,426,1255,"351 W 18th St, New York, NY 10011, USA",40.74316,-74.0025,,,
CHELSEA CAREER AND TECHNICAL EDUCATION HIGH SCHOOL,399,418,390,1207,"131 6th Ave, New York, NY 10013, USA",40.72468,-74.0051,,,
NORMAN THOMAS HIGH SCHOOL,370,379,359,1108,"111 E 33rd St, New York, NY 10016, USA",40.74632,-73.9811,,,
HIGH SCHOOL OF GRAPHIC COMMUNICATION ARTS,395,382,376,1153,"439 W 49th St, New York, NY 10019, USA",40.76399,-73.9904,,,
ART AND DESIGN HIGH SCHOOL,444,441,430,1315,"245 E 56th St, New York, NY 10022, USA",40.75905,-73.9665,,,
LIFE SCIENCES SECONDARY SCHOOL,409,424,403,1236,"320 E 96th St, New York, NY 10128",40.78364,-73.9456,,,
MANHATTAN THEATRE LAB HIGH SCHOOL,406,379,408,1193,"122 Amsterdam Ave, New York, NY 10023, USA",40.77478,-73.9847,,,
"HIGH SCHOOL FOR ARTS, IMAGINATION AND INQUIRY",374,384,374,1132,"122 Amsterdam Ave, New York, NY 10023, USA",40.77475,-73.9851,,,
URBAN ASSEMBLY SCHOOL FOR MEDIA STUDIES,384,390,370,1144,"122 Amsterdam Ave, New York, NY 10023, USA",40.77485,-73.9857,,,
INNOVATION DIPLOMA PLUS,416,403,381,1200,"145 W 84th St, New York, NY 10024, USA",40.78567,-73.974,,,
WADLEIGH SECONDARY SCHOOL FOR THE PERFORMING & VISUAL ARTS,371,368,370,1109,"215 W 114th St, New York, NY 10026",40.80284,-73.9543,,,
LOUIS D. BRANDEIS HIGH SCHOOL,370,390,358,1118,"13011 Kyle Seale Pkwy, San Antonio, TX 78249, USA",29.56546,-98.6463,,,
BEACON HIGH SCHOOL,577,575,592,1744,"522 W 44th St, New York, NY 10036, USA",40.7613,-73.996,,,
FIORELLO H. LAGUARDIA HIGH SCHOOL OF MUSIC & ART AND PERFORMING ARTS,566,564,577,1707,"100 Amsterdam Ave, New York, NY 10023, USA",40.77419,-73.9851,,,
"HIGH SCHOOL FOR LAW, ADVOCACY AND COMMUNITY JUSTICE",396,398,402,1196,"122 Amsterdam Ave, New York, NY 10023, USA",40.77478,-73.9847,,,
HIGH SCHOOL OF ARTS AND TECHNOLOGY,433,433,411,1277,"122 Amsterdam Ave, New York, NY 10023, USA",40.77538,-73.9861,,,
EDWARD A. REYNOLDS WEST SIDE HIGH SCHOOL,401,369,351,1121,"140 W 102nd St, New York, NY 10025, USA",40.79713,-73.9668,,,
MANHATTAN / HUNTER SCIENCE HIGH SCHOOL,473,506,467,1446,"122 Amsterdam Ave, New York, NY 10023, USA",40.77456,-73.9853,,,
FREDERICK DOUGLASS ACADEMY II SECONDARY SCHOOL,356,379,361,1096,"215 W 114th St, New York, NY 10026, USA",40.80257,-73.9541,,,
COALITION SCHOOL FOR SOCIAL CHANGE,354,357,373,1084,"2351 1st Ave., New York, NY 10035, USA",40.79921,-73.9335,,,
MANHATTAN CENTER FOR SCIENCE AND MATHEMATICS,461,514,455,1430,"260 Pleasant Ave, New York, NY 10029, USA",40.7943,-73.9334,,,
PARK EAST HIGH SCHOOL,373,379,376,1128,"230 E 105th St, New York, NY 10029, USA",40.7902,-73.9442,,,
CENTRAL PARK EAST HIGH SCHOOL,405,421,395,1221,"1573 Madison Ave, New York, NY 10029, USA",40.79369,-73.9492,,,
YOUNG WOMEN'S LEADERSHIP SCHOOL,432,446,448,1326,"140 West 102 Street, Manhattan, NY 10025",40.79758,-73.9667,,,
ACADEMY OF ENVIRONMENTAL SCIENCE SECONDARY HIGH SCHOOL,369,369,357,1095,"410 E 100th St, New York, NY 10029, USA",40.78517,-73.9422,,,
"HERITAGE SCHOOL, THE",358,351,345,1054,"1680 Lexington Ave, New York, NY 10029, USA",40.79196,-73.9469,,,
HARLEM RENAISSANCE HIGH SCHOOL,357,318,333,1008,"22 E 128th St, New York, NY 10035, USA",40.80776,-73.94,,,
MOTT HALL HIGH SCHOOL,413,399,398,1210,"6 Edgecombe Ave 4th floor, New York, NY 10030, USA",40.81735,-73.9475,,,
ACADEMY FOR SOCIAL ACTION: A COLLEGE BOARD SCHOOL,354,366,342,1062,"3441 Steenwick Ave, Bronx, NY 10475, USA",40.8832,-73.8307,,,
URBAN ASSEMBLY SCHOOL FOR THE PERFORMING ARTS,360,353,364,1077,"509 W 129th St, New York, NY 10027, USA",40.81571,-73.9557,,,
CHOIR ACADEMY OF HARLEM,354,360,385,1099,"2005 Madison Ave, New York, NY 10035, USA",40.80706,-73.9388,,,
FREDERICK DOUGLASS ACADEMY,458,474,442,1374,"2581 Adam Clayton Powell Jr Blvd, New York, NY 10039, USA",40.82429,-73.9367,,,
THURGOOD MARSHALL ACADEMY FOR LEARNING AND SOCIAL CHANGE,396,402,404,1202,"200-214 W 135th St, New York, NY 10030, USA",40.81525,-73.9443,,,
"HIGH SCHOOL FOR MATHEMATICS, SCIENCE AND ENGINEERING AT CITY COLLEGE",605,654,588,1847,"240 Convent Ave, New York, NY 10031, USA",40.82147,-73.949,,,
CITY COLLEGE ACADEMY OF THE ARTS,408,446,416,1270,"4600 Broadway, New York, NY 10040, USA",40.86085,-73.9301,,,
COMMUNITY HEALTH ACADEMY OF THE HEIGHTS,362,376,367,1105,"504 W 158th St, New York, NY 10032, USA",40.83361,-73.9422,,,
WASHINGTON HEIGHTS EXPEDITIONARY LEARNING SCHOOL,380,395,399,1174,"511 W 182nd St, New York, NY 10033, USA",40.84911,-73.9311,,,
HIGH SCHOOL FOR INTERNATIONAL BUSINESS AND FINANCE,365,384,378,1127,"549 Audubon Ave, New York, NY 10040",40.85592,-73.9263,,,
HIGH SCHOOL FOR MEDIA AND COMMUNICATIONS,369,380,349,1098,"549 Audubon Ave, New York, NY 10040, USA",40.85612,-73.9263,,,
HIGH SCHOOL FOR LAW AND PUBLIC SERVICE,363,378,361,1102,"549 Audubon Ave, New York, NY 10040, USA",40.85589,-73.926,,,
HIGH SCHOOL FOR HEALTH CAREERS AND SCIENCES,400,422,402,1224,"549 Audubon Ave, New York, NY 10040, USA",40.85589,-73.926,,,
A. PHILIP RANDOLPH CAMPUS HIGH SCHOOL,430,456,423,1309,"443 W 135th St, New York, NY 10031, USA",40.81836,-73.95,,,
GREGORIO LUPERON HIGH SCHOOL FOR SCIENCE AND MATHEMATICS,339,349,326,1014,"501 W 165th St, New York, NY 10032, USA",40.83823,-73.9385,,,
SOUTH BRONX PREPARATORY: A COLLEGE BOARD SCHOOL,364,378,348,1090,"Bronx, NY, USA",40.84478,-73.8648,,,
CROTONA ACADEMY HIGH SCHOOL,379,364,382,1125,"1211 Southern Blvd, Bronx, NY 10459, USA",40.82931,-73.8921,,,
INTERNATIONAL COMMUNITY HIGH SCHOOL,310,324,311,945,"345 Brook Ave, Bronx, NY 10454, USA",40.80992,-73.9184,,,
COMMUNITY SCHOOL FOR SOCIAL JUSTICE,361,359,357,1077,"350 Gerard Ave, Bronx, NY 10451, USA",40.81567,-73.9301,,,
MOTT HAVEN VILLAGE PREPARATORY HIGH SCHOOL,351,375,371,1097,"701 St Ann's Ave, Bronx, NY 10455, USA",40.81828,-73.9117,,,
UNIVERSITY HEIGHTS SECONDARY SCHOOL,403,394,404,1201,"701 St Ann's Ave, Bronx, NY 10455, USA",40.81821,-73.9113,,,
HOSTOSsLINCOLN ACADEMY OF SCIENCE,420,426,411,1257,"600 St Ann's Ave, Bronx, NY 10455, USA",40.81454,-73.9124,,,
FOREIGN LANGUAGE ACADEMY OF GLOBAL STUDIES,399,396,391,1186,"470 Jackson Ave #116, Bronx, NY 10455, USA",40.81091,-73.9093,,,
BRONX LEADERSHIP ACADEMY II HIGH SCHOOL,362,378,363,1103,"730 Concourse Village W, Bronx, NY 10451, USA",40.82235,-73.9227,,,
NEW EXPLORERS HIGH SCHOOL,367,356,361,1084,"730 Concourse Village W, Bronx, NY 10451, USA",40.82257,-73.9235,,,
URBAN ASSEMBLY SCHOOL FOR CAREERS IN SPORTS,387,411,383,1181,"730 Concourse Village W, Bronx, NY 10451, USA",40.82257,-73.9235,,,
BRONX ACADEMY OF LETTERS,413,381,407,1201,"339 Morris Ave, Bronx, NY 10451, USA",40.81366,-73.926,,,
ALFRED E. SMITH CAREER AND TECHNICAL EDUCATION HIGH SCHOOL,394,400,364,1158,"333 E 151st St, Bronx, NY 10451, USA",40.81891,-73.92,,,
SAMUEL GOMPERS CAREER AND TECHNICAL EDUCATION HIGH SCHOOL,398,416,370,1184,"455 Southern Blvd, Bronx, NY 10455",40.81044,-73.907,,,
HEALTH OPPORTUNITIES HIGH SCHOOL,363,368,364,1095,"350 Gerard Ave, Bronx, NY 10451, USA",40.81566,-73.9303,,,
RENAISSANCE HIGH SCHOOL FOR MUSICAL THEATER & TECHNOLOGY,384,385,389,1158,"3000 E Tremont Ave, Bronx, NY 10462",40.84038,-73.8397,,,
GATEWAY SCHOOL FOR ENVIRONMENTAL RESEARCH AND TECHNOLOGY,416,390,394,1200,"211 W 61st St, New York, NY 10023",40.77279,-73.988,,,
PABLO NERUDA ACADEMY FOR ARCHITECTURE AND WORLD STUDIES,337,361,340,1038,"1980 Lafayette Ave # 4, Bronx, NY 10473",40.82117,-73.8568,,,
MILLENNIUM ART ACADEMY,387,402,375,1164,"1980 Lafayette Ave, Bronx, NY 10473, USA",40.82117,-73.8568,,,
BRONX COMMUNITY HIGH SCHOOL,367,369,376,1112,"Bronx, NY, USA",40.84478,-73.8648,,,
HERBERT H. LEHMAN HIGH SCHOOL,412,436,393,1241,"3000 E Tremont Ave, Bronx, NY 10461, USA",40.84001,-73.8393,,,
BRONX GUILD,369,371,365,1105,"Bronx, NY, USA",40.84478,-73.8648,,,
"FELISA RINCON DE GAUTIER INSTITUTE FOR LAW AND PUBLIC POLICY, THE",373,370,356,1099,"1440 Story Ave, Bronx, NY 10473, USA",40.82083,-73.8807,,,
BANANA KELLY HIGH SCHOOL,373,381,377,1131,"965 Longwood Ave, Bronx, NY 10459, USA",40.81764,-73.898,,,
SCHOOL FOR COMMUNITY RESEARCH AND LEARNING,366,400,368,1134,"1980 Lafayette Ave, Bronx, NY 10473, USA",40.82165,-73.8554,,,
HIGH SCHOOL X560 s BRONX ACADEMY HIGH SCHOOL,404,368,399,1171,"Bronx, NY, USA",40.84478,-73.8648,,,
JANE ADDAMS HIGH SCHOOL FOR ACADEMIC CAREERS,377,359,376,1112,"900 Tinton Ave, Bronx, NY 10456, USA",40.82178,-73.903,,,
BRONX EXPEDITIONARY LEARNING HIGH SCHOOL,324,376,349,1049,"Bronx, NY, USA",40.84478,-73.8648,,,
EAGLE ACADEMY FOR YOUNG MEN,373,387,374,1134,"4143 Third Ave, Bronx, NY 10457, USA",40.84526,-73.8972,,,
URBAN ASSEMBLY ACADEMY FOR HISTORY AND CITIZENSHIP FOR YOUNG MEN,372,355,357,1084,"240 E 172nd St #477, Bronx, NY 10457",40.83973,-73.9109,,,
URBAN ASSEMBLY SCHOOL FOR APPLIED MATH AND SCIENCE,411,464,415,1290,"1595 Bathgate Ave, Bronx, NY 10457, USA",40.83946,-73.9019,,,
EXIMIUS COLLEGE PREPARATORY ACADEMY: A COLLEGE BOARD SCHOOL,393,394,382,1169,"1363 Fulton Ave, Bronx, NY 10456, USA",40.83397,-73.9027,,,
MOTT HALL BRONX HIGH SCHOOL,369,367,356,1092,"1595 Bathgate Ave, Bronx, NY 10457, USA",40.83907,-73.9021,,,
BRONX CENTER FOR SCIENCE AND MATHEMATICS,459,480,457,1396,"1363 Fulton Ave, Bronx, NY 10456, USA",40.83394,-73.9026,,,
VALIDUS PREPARATORY ACADEMY: AN EXPEDITIONARY LEARNING SCHOOL,356,363,356,1075,"1595 Bathgate Ave, Bronx, NY 10457, USA",40.8398,-73.9016,,,
LEADERSHIP INSTITUTE,361,353,367,1081,1701 Fulton Avenue Bronx NY 10457,40.84129,-73.8983,,,
MORRIS ACADEMY FOR COLLABORATIVE STUDIES,386,386,376,1148,"1110 Boston Rd, Bronx, NY 10456, USA",40.8273,-73.9045,,,
DREAMYARD PREPARATORY SCHOOL,382,365,391,1138,"240 E 172nd St, Bronx, NY 10457, USA",40.83963,-73.9114,,,
ACADEMY FOR LANGUAGE AND TECHNOLOGY,315,339,297,951,"1700 Macombs Rd, Bronx, NY 10453, USA",40.84931,-73.9157,,,
BRONX INTERNATIONAL HIGH SCHOOL,314,312,339,965,"1110 Boston Rd, Bronx, NY 10456, USA",40.82694,-73.9036,,,
SCHOOL FOR EXCELLENCE,363,360,351,1074,"1110 Boston Rd, Bronx, NY 10456, USA",40.82736,-73.9046,,,
BRONX HIGH SCHOOL OF BUSINESS,356,376,351,1083,"240 E 172nd St, Bronx, NY 10457, USA",40.83965,-73.9114,,,
BRONX HIGH SCHOOL FOR MEDICAL SCIENCE,400,419,402,1221,"240 E 172nd St, Bronx, NY 10457, USA",40.83987,-73.9112,,,
JONATHAN LEVIN HIGH SCHOOL FOR MEDIA AND COMMUNICATIONS,379,364,379,1122,"240 E 172nd St, Bronx, NY 10457, USA",40.83987,-73.9112,,,
"BRONX SCHOOL FOR LAW, GOVERNMENT AND JUSTICE",404,418,402,1224,"244 E 163rd St, Bronx, NY 10451, USA",40.82747,-73.9189,,,
FREDERICK DOUGLASS ACADEMY III SECONDARY SCHOOL,368,384,369,1121,"3630 Third Ave, Bronx, NY 10456, USA",40.83349,-73.9043,,,
BRONX LEADERSHIP ACADEMY HIGH SCHOOL,384,394,388,1166,"1710 Webster Ave, Bronx, NY 10457, USA",40.84343,-73.9031,,,
HIGH SCHOOL FOR VIOLIN AND DANCE,353,315,371,1039,"1110 Boston Rd, Bronx, NY 10456, USA",40.8273,-73.9045,,,
RIVERDALE / KINGSBRIDGE ACADEMY (MIDDLE SCHOOL / HIGH SCHOOL 141),438,455,440,1333,"660 W 237th St, Bronx, NY 10463, USA",40.88768,-73.9134,,,
BRONX ENGINEERING AND TECHNOLOGY ACADEMY,373,412,365,1150,"99 Terrace View Ave, New York, NY 10463, USA",40.87702,-73.9125,,,
THEATRE ARTS PRODUCTION COMPANY SCHOOL,405,391,394,1190,"2225 Webster Ave, Bronx, NY 10457, USA",40.85458,-73.8972,,,
"THE MARIE CURIE SCHOOL FOR MEDICINE, NURSING, AND HEALTH PROFESSIONS",382,393,382,1157,"120 W 231st St, Bronx, NY 10463, USA",40.87565,-73.9016,,,
WEST BRONX ACADEMY FOR THE FUTURE,382,406,370,1158,"500 E Fordham Rd, Bronx, NY 10458, USA",40.85991,-73.8883,,,
KINGSBRIDGE INTERNATIONAL HIGH SCHOOL,304,356,302,962,"2780 Reservoir Ave, Bronx, NY 10468, USA",40.87011,-73.8965,,,
BRONX SCHOOL OF LAW AND FINANCE,402,395,385,1182,"99 Terrace View Ave #804, Bronx, NY 10463, USA",40.87783,-73.9138,,,
INTERNATIONAL SCHOOL FOR LIBERAL ARTS,300,333,301,934,"2780 Reservoir Ave, Bronx, NY 10468, USA",40.87044,-73.8969,,,
INsTECH ACADEMY (M.S. / HIGH SCHOOL 368),390,408,383,1181,"Mississippi, USA",32.35467,-89.3985,,,
KNOWLEDGE AND POWER PREPARATORY ACADEMY INTERNATIONAL HIGH SCHOOL (KAPPA),392,401,387,1180,"500 E Fordham Rd, Bronx, NY 10458, USA",40.85984,-73.8882,,,
ENGLISH LANGUAGE LEARNERS AND INTERNATIONAL SUPPORT PREPARATORY ACADEMY (ELLIS),343,356,330,1029,"99 Terrace View Ave, New York, NY 10463, USA",40.87705,-73.9126,,,
HIGH SCHOOL FOR TEACHING AND THE PROFESSIONS,370,371,365,1106,"2780 Reservoir Ave, Bronx, NY 10468, USA",40.87078,-73.8975,,,
BELMONT PREPARATORY HIGH SCHOOL,404,418,400,1222,"500 E Fordham Rd, Bronx, NY 10458, USA",40.85966,-73.888,,,
FORDHAM HIGH SCHOOL FOR THE ARTS,355,350,372,1077,"500 E Fordham Rd, Bronx, NY 10458, USA",40.85984,-73.8882,,,
FORDHAM LEADERSHIP ACADEMY FOR BUSINESS AND TECHNOLOGY,367,385,367,1119,"500 E Fordham Rd, Bronx, NY 10458, USA",40.85987,-73.8883,,,
BRONX HIGH SCHOOL FOR LAW AND COMMUNITY SERVICE,366,364,352,1082,"500 E Fordham Rd, Bronx, NY 10458, USA",40.85969,-73.8881,,,
DEWITT CLINTON HIGH SCHOOL,419,426,410,1255,"100 W Mosholu Pkwy S, Bronx, NY 10468, USA",40.88122,-73.8876,,,
"CELIA CRUZ BRONX HIGH SCHOOL OF MUSIC, THE",423,420,427,1270,"2780 Reservoir Ave, Bronx, NY 10468, USA",40.87085,-73.8974,,,
BRONX HIGH SCHOOL OF SCIENCE,632,688,649,1969,"75 W 205th St, Bronx, NY 10468, USA",40.87839,-73.8911,,,
JOHN F. KENNEDY HIGH SCHOOL,351,362,339,1052,"99 Terrace View Ave, Bronx, NY 10463",40.87778,-73.9148,,,
MARBLE HILL HIGH SCHOOL FOR INTERNATIONAL STUDIES,414,435,414,1263,"99 Terrace View Ave, Bronx, NY 10463, USA",40.87766,-73.9133,,,
BRONX THEATRE HIGH SCHOOL,348,362,354,1064,"99 Terrace View Ave, Bronx, NY 10463, USA",40.87769,-73.9133,,,
DISCOVERY HIGH SCHOOL,372,379,364,1115,"1335 Old Norcross Rd, Lawrenceville, GA 30046, USA",33.95531,-84.0348,,,
GRACE DODGE CAREER AND TECHNICAL EDUCATION HIGH SCHOOL,362,382,356,1100,"2474 Crotona Ave, Bronx, NY 10458",40.85548,-73.8826,,,
HIGH SCHOOL OF AMERICAN STUDIES AT LEHMAN COLLEGE,636,648,636,1920,"2925 Goulden Ave, Bronx, NY 10468, USA",40.87477,-73.8951,,,
BRONX HEALTH SCIENCES HIGH SCHOOL,370,381,382,1133,"750 Baychester Ave, Bronx, NY 10475, USA",40.87401,-73.833,,,
BRONX HIGH SCHOOL FOR WRITING AND COMMUNICATION ARTS,400,357,390,1147,"800 E Gun Hill Rd, Bronx, NY 10467, USA",40.87534,-73.8616,,,
BRONX LAB SCHOOL,377,391,367,1135,"800 E Gun Hill Rd, Bronx, NY 10467, USA",40.87488,-73.8619,,,
ACADEMY FOR SCHOLARSHIP AND ENTREPRENEURSHIP: A COLLEGE BOARD SCHOOL,386,394,361,1141,"921 E 228th St, Bronx, NY 10466, USA",40.88807,-73.8527,,,
HIGH SCHOOL OF COMPUTERS AND TECHNOLOGY,381,376,354,1111,"800 E Gun Hill Rd, Bronx, NY 10467, USA",40.87545,-73.8612,,,
COLLEGIATE INSTITUTE FOR MATH AND SCIENCE,444,471,433,1348,"925 Astor Ave, Bronx, NY 10469, USA",40.86037,-73.8603,,,
BRONX ACADEMY OF HEALTH CAREERS,387,365,383,1135,"800 E Gun Hill Rd, Bronx, NY 10467, USA",40.8751,-73.8617,,,
ASTOR COLLEGIATE ACADEMY,387,391,391,1169,"925 Astor Ave, Bronx, NY 10469, USA",40.85991,-73.8601,,,
CHRISTOPHER COLUMBUS HIGH SCHOOL,367,361,353,1081,"3000 SW 87th Ave, Miami, FL 33165, USA",25.74164,-80.3386,,,
BRONX HIGH SCHOOL FOR THE VISUAL ARTS,419,433,416,1268,"2040 Antin Pl, Bronx, NY 10462, USA",40.85174,-73.8645,,,
HARRY S TRUMAN HIGH SCHOOL,386,397,368,1151,"750 Baychester Ave, Bronx, NY 10475, USA",40.87415,-73.8328,,,
NEW WORLD HIGH SCHOOL,332,381,335,1048,"921 E 228th St, Bronx, NY 10466, USA",40.88807,-73.8527,,,
THE BRONXWOOD PREPARATORY ACADEMY,377,372,363,1112,"921 E 228th St, Bronx, NY 10466, USA",40.88807,-73.8527,,,
GLOBAL ENTERPRISE HIGH SCHOOL,372,382,375,1129,"925 Astor Ave, Bronx, NY 10469",40.8608,-73.8602,,,
PELHAM PREPARATORY ACADEMY,431,438,419,1288,"925 Astor Ave, Bronx, NY 10469, USA",40.86031,-73.8602,,,
HIGH SCHOOL FOR CONTEMPORARY ARTS,383,378,365,1126,"800 E Gun Hill Rd, Bronx, NY 10467, USA",40.87513,-73.8617,,,
BRONX AEROSPACE HIGH SCHOOL,388,393,382,1163,"800 E Gun Hill Rd, Bronx, NY 10467, USA",40.87557,-73.8614,,,
NEW DAY ACADEMY,348,344,354,1046,"800 Home St, Bronx, NY 10456, USA",40.82712,-73.9009,,,
"METROPOLITAN HIGH SCHOOL, THE",347,367,341,1055,"1180 Rev James A Polite Ave, Bronx, NY 10459, USA",40.82773,-73.897,,,
EXPLORATIONS ACADEMY,381,381,360,1122,"1701 Ellis St STE 215, Bellingham, WA 98225, USA",48.75264,-122.472,,,
PERFORMANCE CONSERVATORY HIGH SCHOOL,361,353,360,1074,"1619 Boston Road, Bronx, NY, 10460",40.83624,-73.8906,,,
BRONX LATIN,408,432,411,1251,"800 Home St, Bronx, NY 10456, USA",40.8277,-73.9006,,,
EAST BRONX ACADEMY FOR THE FUTURE,366,378,358,1102,"1716 Southern Blvd, Bronx, NY 10460, USA",40.83681,-73.8877,,,
PEACE AND DIVERSITY ACADEMY,390,401,364,1155,"1180 Rev James A Polite Ave, Bronx, NY 10459, USA",40.82772,-73.897,,,
PAN AMERICAN INTERNATIONAL HIGH SCHOOL AT MONROE,321,351,298,970,"1300 Boynton Ave, Bronx, NY 10472, USA",40.83247,-73.8788,,,
ARTURO A. SCHOMBURG SATELLITE ACADEMY BRONX,380,372,349,1101,"1010 Rev James A Polite Ave, Bronx, NY 10459, USA",40.82329,-73.8987,,,
BRONX REGIONAL HIGH SCHOOL,398,385,398,1181,"1010 Rev James A Polite Ave, Bronx, NY 10459, USA",40.82332,-73.8987,,,
HIGH SCHOOL OF WORLD CULTURES,304,323,312,939,"1300 Boynton Ave Floor 4, Bronx, NY 10472, USA",40.83259,-73.8785,,,
FANNIE LOU HAMER FREEDOM HIGH SCHOOL,342,346,341,1029,"1021 Jennings St, Bronx, NY 10460, USA",40.83112,-73.8857,,,
WINGS ACADEMY,378,374,362,1114,"1122 E 180th St, Bronx, NY 10460, USA",40.84162,-73.8752,,,
MONROE ACADEMY FOR BUSINESS/LAW,375,387,376,1138,"1300 Boynton Ave, Bronx, NY 10472, USA",40.83205,-73.8784,,,
MONROE ACADEMY FOR VISUAL ARTS & DESIGN,332,357,349,1038,"1300 Boynton Ave, Bronx, NY 10472, USA",40.83276,-73.8784,,,
DR. SUSAN S. MCKINNEY SECONDARY SCHOOL OF THE ARTS,352,349,373,1074,"101 Park Ave, Brooklyn, NY 11205, USA",40.6969,-73.976,,,
ACADEMY OF BUSINESS AND COMMUNITY DEVELOPMENT,439,374,418,1231,141 Macon Street Brooklyn NY 11216,40.68223,-73.9452,,,
URBAN ASSEMBLY HIGH SCHOOL OF MUSIC AND ART,360,364,356,1080,"90 Broad St #2101, New York, NY 10004, USA",40.70379,-74.0118,,,
"BROOKLYN COMMUNITY HIGH SCHOOL OF COMMUNICATION, ARTS AND MEDIA",375,355,384,1114,"Brooklyn, NY, USA",40.67818,-73.9442,,,
"SCIENCE SKILLS CENTER HIGH SCHOOL FOR SCIENCE, TECHNOLOGY AND THE CREATIVE ARTS",399,417,395,1211,"49 Flatbush Ave Ext, Brooklyn, NY 11201, USA",40.69735,-73.9847,,,
BROOKLYN TECHNICAL HIGH SCHOOL,587,659,587,1833,"29 Fort Greene Pl, Brooklyn, NY 11217, USA",40.68909,-73.9767,,,
BROOKLYN INTERNATIONAL HIGH SCHOOL,305,364,312,981,"49 Flatbush Ave Ext, Brooklyn, NY 11201, USA",40.69739,-73.9848,,,
THE URBAN ASSEMBLY SCHOOL FOR LAW AND JUSTICE,400,417,389,1206,"283 Adams St, Brooklyn, NY 11201, USA",40.69449,-73.9885,,,
ACORN COMMUNITY HIGH SCHOOL,384,364,368,1116,"561 Grand Ave, Brooklyn, NY 11238, USA",40.67852,-73.9617,,,
FREEDOM ACADEMY HIGH SCHOOL,400,390,403,1193,"116 Nassau St, Brooklyn, NY 11201, USA",40.69842,-73.9865,,,
BROOKLYN ACADEMY HIGH SCHOOL,435,383,379,1197,"832 Marcy Ave, Brooklyn, NY 11216, USA",40.6845,-73.948,,,
BEDFORD STUYVESANT PREPARATORY HIGH SCHOOL,398,391,394,1183,"832 Marcy Ave, Brooklyn, NY 11216, USA",40.68461,-73.9479,,,
BEDFORD ACADEMY HIGH SCHOOL,438,443,431,1312,"1119 Bedford Ave, Brooklyn, NY 11216, USA",40.68553,-73.954,,,
GEORGE WESTINGHOUSE CAREER AND TECHNICAL EDUCATION HIGH SCHOOL,406,391,392,1189,"105 Tech Pl, Brooklyn, NY 11201, USA",40.69581,-73.9856,,,
BENJAMIN BANNEKER ACADEMY,471,472,448,1391,"71-77 Clinton Ave, Brooklyn, NY 11205, USA",40.69547,-73.9691,,,
"CITY POLYTECHNIC HIGH SCHOOL OF ENGINEERING, ARCHITECTURE, AND TECHNOLOGY",441,499,413,1353,"105 Tech Pl, Brooklyn, NY 11201, USA",40.69586,-73.9857,,,
JUAN MOREL CAMPOS SECONDARY SCHOOL,365,361,359,1085,"215 Heyward St, Brooklyn, NY 11206, USA",40.70382,-73.9536,,,
ACADEMY FOR YOUNG WRITERS,387,357,381,1125,"1065 Elton St, Brooklyn, NY 11239, USA",40.65738,-73.8742,,,
"BROOKLYN LATIN SCHOOL, THE",586,584,570,1740,"223 Graham Ave, Brooklyn, NY 11206, USA",40.70975,-73.9444,,,
GREEN SCHOOL: AN ACADEMY FOR ENVIRONMENTAL CAREERS,407,386,396,1189,"223 Graham Ave #337b, Brooklyn, NY 11206, USA",40.70974,-73.9445,,,
PROGRESS HIGH SCHOOL FOR PROFESSIONAL CAREERS,364,379,371,1114,"850 Grand St, Brooklyn, NY 11211, USA",40.71175,-73.9395,,,
SCHOOL FOR LEGAL STUDIES,413,396,395,1204,"850 Grand St Brooklyn, NY 11211",40.7121,-73.94,,,
"THE HIGH SCHOOL FOR ENTERPRISE, BUSINESS AND TECHNOLOGY",398,421,396,1215,"850 Grand St, Brooklyn, NY 11211, USA",40.71191,-73.9404,,,
BROOKLYN PREPARATORY HIGH SCHOOL,367,373,350,1090,"257 N 6th St, Brooklyn, NY 11211, USA",40.71583,-73.9554,,,
WILLIAMSBURG HIGH SCHOOL FOR ARCHITECTURE AND DESIGN,363,385,364,1112,"257 N 6th St, Brooklyn, NY 11211, USA",40.71585,-73.9554,,,
WILLIAMSBURG PREPARATORY SCHOOL,397,410,380,1187,"257 N 6th St, Brooklyn, NY 11211, USA",40.71577,-73.9552,,,
LYONS COMMUNITY SCHOOL,371,377,355,1103,"223 Graham Ave, Brooklyn, NY 11206, USA",40.70973,-73.9444,,,
AUTOMOTIVE HIGH SCHOOL,367,376,350,1093,"50 Bedford Ave, Brooklyn, NY 11222, USA",40.72245,-73.9532,,,
FRANCES PERKINS ACADEMY,382,372,368,1122,"50 Bedford Ave, Brooklyn, NY 11222, USA",40.72224,-73.9533,,,
EL PUENTE ACADEMY FOR PEACE AND JUSTICE,359,335,341,1035,"250 Hooper St, Brooklyn, NY 11211, USA",40.70572,-73.9556,,,
BROOKLYN SCHOOL FOR GLOBAL STUDIES,361,367,383,1111,"284 Baltic St, Brooklyn, NY 11201, USA",40.68513,-73.9943,,,
BROOKLYN SECONDARY SCHOOL FOR COLLABORATIVE STUDIES,393,399,387,1179,"Brooklyn, NY, USA",40.67818,-73.9442,,,
SECONDARY SCHOOL FOR LAW,398,411,394,1203,"237 7th Ave, Brooklyn, NY 11215, USA",40.66955,-73.9785,,,
SECONDARY SCHOOL FOR JOURNALISM,397,391,381,1169,"237 7th Ave, Brooklyn, NY 11215, USA",40.66955,-73.9785,,,
PARK SLOPE COLLEGIATE,379,416,380,1175,"237 7th Ave #3405, Brooklyn, NY 11215, USA",40.66956,-73.9791,,,
SCHOOL FOR INTERNATIONAL STUDIES,405,415,392,1212,"284 Baltic St, Brooklyn, NY 11201, USA",40.68486,-73.9929,,,
COBBLE HILL SCHOOL OF AMERICAN STUDIES,398,402,385,1185,"347 Baltic St, Brooklyn, NY 11201, USA",40.6851,-73.9907,,,
PACIFIC HIGH SCHOOL,352,341,300,993,"1020 Pacific St, San Bernardino, CA 92404, USA",34.12911,-117.264,,,
METROPOLITAN CORPORATE ACADEMY HIGH SCHOOL,368,365,368,1101,"362 Schermerhorn St, Brooklyn, NY 11217, USA",40.68639,-73.9797,,,
BROOKLYN HIGH SCHOOL OF THE ARTS,426,421,411,1258,"345 Dean St, Brooklyn, NY 11217, USA",40.68384,-73.9804,,,
SOUTH BROOKLYN COMMUNITY HIGH SCHOOL,430,416,425,1271,"173 Conover St, Brooklyn, NY 11231, USA",40.67777,-74.0142,,,
FREDERICK DOUGLASS ACADEMY IV SECONDARY SCHOOL,355,355,358,1068,125 Stuyvesant Avenue,40.69173,-73.9333,,,
BOYS AND GIRLS HIGH SCHOOL,365,370,362,1097,"1700 Fulton St, Brooklyn, NY 11213, USA",40.67887,-73.9316,,,
BROOKLYN HIGH SCHOOL FOR LAW AND TECHNOLOGY,362,372,358,1092,"1396 Broadway, Brooklyn, NY 11221, USA",40.68845,-73.9208,,,
GOTHAM PROFESSIONAL ARTS ACADEMY,370,372,351,1093,"561 Grand Ave, Brooklyn, NY 11238, USA",40.67855,-73.9619,,,
ACADEMY FOR COLLEGE PREPARATION AND CAREER EXPLORATION: A COLLEGE BOARD SCHOOL,396,374,369,1139,"911 Flatbush Ave, Brooklyn, NY 11226, USA",40.6493,-73.9577,,,
ACADEMY OF HOSPITALITY AND TOURISM,352,342,351,1045,"911 Flatbush Ave, Brooklyn, NY 11226, USA",40.64957,-73.9582,,,
W.E.B. DUBOIS ACADEMIC HIGH SCHOOL,394,364,334,1092,"1150 E New York Ave, Brooklyn, NY 11212, USA",40.66629,-73.9239,,,
INTERNATIONAL HIGH SCHOOL AT PROSPECT HEIGHTS,287,335,291,913,"883 Classon Ave, Brooklyn, NY 11225, USA",40.66996,-73.9616,,,
THE HIGH SCHOOL FOR GLOBAL CITIZENSHIP,403,385,388,1176,"883 Classon Ave, Brooklyn, NY 11225, USA",40.66996,-73.9611,,,
"SCHOOL FOR HUMAN RIGHTS, THE",348,381,359,1088,"600 Kingston Ave, Brooklyn, NY 11203, USA",40.65946,-73.9432,,,
SCHOOL FOR DEMOCRACY AND LEADERSHIP,377,404,372,1153,"600 Kingston Ave, Brooklyn, NY 11203, USA",40.65901,-73.9439,,,
HIGH SCHOOL FOR YOUTH AND COMMUNITY DEVELOPMENT AT ERASMUS,338,349,340,1027,"911 Flatbush Ave, Brooklyn, NY 11226, USA",40.6493,-73.9577,,,
HIGH SCHOOL FOR SERVICE & LEARNING AT ERASMUS,362,375,368,1105,"911 Flatbush Ave, Brooklyn, NY 11226",40.65214,-73.9576,,,
"SCIENCE, TECHNOLOGY AND RESEARCH EARLY COLLEGE HIGH SCHOOL AT ERASMUS",457,462,441,1360,"911 Flatbush Ave, Brooklyn, NY 11226, USA",40.64941,-73.9572,,,
HIGH SCHOOL FOR PUBLIC SERVICE: HEROES OF TOMORROW,418,441,414,1273,"600 Kingston Ave, Brooklyn, NY 11203, USA",40.65937,-73.9431,,,
BROOKLYN ACADEMY OF SCIENCE AND THE ENVIRONMENT,388,382,373,1143,"883 Classon Ave, Brooklyn, NY 11225, USA",40.67004,-73.961,,,
BROOKLYN SCHOOL FOR MUSIC & THEATRE,385,393,373,1151,"883 Classon Ave, Brooklyn, NY 11225",40.67069,-73.9614,,,
BROWNSVILLE ACADEMY HIGH SCHOOL,372,356,335,1063,"883 Classon Ave, Brooklyn, NY 11225",40.66689,-73.924,,,
MEDGAR EVERS COLLEGE PREPARATORY SCHOOL,476,481,479,1436,"1186 Carroll St, Brooklyn, NY 11225, USA",40.66676,-73.9512,,,
CLARA BARTON HIGH SCHOOL,425,413,413,1251,"901 Classon Ave, Brooklyn, NY 11225, USA",40.66943,-73.9618,,,
IT TAKES A VILLAGE ACADEMY,313,320,330,963,"5800 Tilden Ave, Brooklyn, NY 11203",40.64831,-73.923,,,
BROOKLYN GENERATION SCHOOL,374,377,394,1145,"6565 Flatlands Ave, Brooklyn, NY 11236, USA",40.63318,-73.9171,,,
BROOKLYN THEATRE ARTS HIGH SCHOOL,383,358,377,1118,"6565 Flatlands Ave, Brooklyn, NY 11236, USA",40.63308,-73.9175,,,
KURT HAHN EXPEDITIONARY LEARNING SCHOOL,368,378,346,1092,"5800 Tilden Ave, Brooklyn, NY 11203, USA",40.64841,-73.9223,,,
VICTORY COLLEGIATE HIGH SCHOOL,387,377,379,1143,"6565 Flatlands Ave, Brooklyn, NY 11236, USA",40.63356,-73.9174,,,
BROOKLYN BRIDGE ACADEMY,384,362,351,1097,"6565 Flatlands Ave, Brooklyn, NY 11236, USA",40.63344,-73.9174,,,
ARTS & MEDIA PREPARATORY ACADEMY,361,360,359,1080,"5800 Tilden Ave, Brooklyn, NY 11203",40.6482,-73.923,,,
HIGH SCHOOL FOR INNOVATION IN ADVERTISING AND MEDIA,404,393,386,1183,"1600 Rockaway Pkwy, Brooklyn, NY 11236, USA",40.64056,-73.898,,,
CULTURAL ACADEMY FOR THE ARTS AND SCIENCES,393,395,381,1169,"5800 Tilden Ave, Brooklyn, NY 11203, USA",40.64804,-73.9222,,,
HIGH SCHOOL FOR MEDICAL PROFESSIONS,386,380,393,1159,"1600 Rockaway Pkwy, Brooklyn, NY 11236, USA",40.64075,-73.8979,,,
OLYMPUS ACADEMY,400,370,370,1140,"755 East 100th Street, Brooklyn, NY 11236, USA",40.64588,-73.8986,,,
ACADEMY FOR CONSERVATION AND THE ENVIRONMENT,363,381,367,1111,"6565 Flatlands Ave, Brooklyn, NY 11236, USA",40.63315,-73.9172,,,
URBAN ACTION ACADEMY,376,385,374,1135,"1600 Rockaway Pkwy, Brooklyn, NY 11236, USA",40.64042,-73.8985,,,
EAST BROOKLYN COMMUNITY HIGH SCHOOL,410,403,378,1191,"9517 Kings Hwy, Brooklyn, NY 11212, USA",40.65979,-73.9206,,,
EAST NEW YORK FAMILY ACADEMY,416,432,394,1242,"760 Van Siclen Ave, Brooklyn, NY 11207, USA",40.66101,-73.8863,,,
FDNY HIGH SCHOOL FOR FIRE AND LIFE SAFETY,341,349,333,1023,"400 Granville Payne Ave, Brooklyn, NY 11207",40.67077,-73.8922,,,
HIGH SCHOOL FOR CIVIL RIGHTS,363,349,342,1054,"400 Granville Payne Ave, Brooklyn, NY 11207, USA",40.66682,-73.8948,,,
PERFORMING ARTS AND TECHNOLOGY HIGH SCHOOL,380,386,383,1149,"400 Granville Payne Ave, Brooklyn, NY 11207, USA",40.66685,-73.8953,,,
WORLD ACADEMY FOR TOTAL COMMUNITY HEALTH HIGH SCHOOL,371,365,370,1106,"400 Granville Payne Ave, Brooklyn, NY 11207, USA",40.66685,-73.8953,,,
MULTICULTURAL HIGH SCHOOL,279,322,286,887,"999 Jamaica Ave, Brooklyn, NY 11208, USA",40.69301,-73.8691,,,
TRANSIT TECH CAREER AND TECHNICAL EDUCATION HIGH SCHOOL,395,418,380,1193,"1 Wells St, Brooklyn, NY 11208, USA",40.67887,-73.8753,,,
ACADEMY OF INNOVATIVE TECHNOLOGY,371,371,354,1096,"999 Jamaica Ave, Brooklyn, NY 11208, USA",40.69285,-73.869,,,
BROOKLYN LAB SCHOOL,360,385,363,1108,"999 Jamaica Ave, Brooklyn, NY 11208, USA",40.69285,-73.869,,,
CYPRESS HILLS COLLEGIATE PREPARATORY SCHOOL,376,385,368,1129,"999 Jamaica Ave, Brooklyn, NY 11208, USA",40.69301,-73.8691,,,
W. H. MAXWELL CAREER AND TECHNICAL EDUCATION HIGH SCHOOL,370,369,363,1102,"145 Pennsylvania Ave, Brooklyn, NY 11207, USA",40.67386,-73.8962,,,
"THE SCHOOL FOR CLASSICS: AN ACADEMY OF THINKERS, WRITERS AND PERFORMERS",383,400,374,1157,"370 Fountain Ave, Brooklyn, NY 11208",40.67458,-73.8759,,,
NEW UTRECHT HIGH SCHOOL,402,471,399,1272,"1601 80th St, Brooklyn, NY 11214, USA",40.61322,-74.0031,,,
HIGH SCHOOL OF TELECOMMUNICATION ARTS AND TECHNOLOGY,425,474,424,1323,"350 67th St, Brooklyn, NY 11220, USA",40.63682,-74.0234,,,
FORT HAMILTON HIGH SCHOOL,417,478,411,1306,"8301 Shore Rd, Brooklyn, NY 11209, USA",40.62699,-74.0401,,,
FRANKLIN DELANO ROOSEVELT HIGH SCHOOL,383,486,375,1244,"5800 20th Ave, Brooklyn, NY 11204, USA",40.62128,-73.9826,,,
INTERNATIONAL HIGH SCHOOL AT LAFAYETTE,326,386,314,1026,"2630 Benson Ave, Brooklyn, NY 11214, USA",40.59362,-73.9861,,,
RACHEL CARSON HIGH SCHOOL FOR COASTAL STUDIES,402,427,408,1237,"521 West Ave, Brooklyn, NY 11224, USA",40.58274,-73.9722,,,
HIGH SCHOOL OF SPORTS MANAGEMENT,388,398,378,1164,"2630 Benson Ave, Brooklyn, NY 11214, USA",40.59357,-73.986,,,
ABRAHAM LINCOLN HIGH SCHOOL,396,437,393,1226,"2800 Ocean Pkwy, Brooklyn, NY 11235",40.58301,-73.9665,,,
EDWARD R. MURROW HIGH SCHOOL,468,496,467,1431,"1600 Avenue L, Brooklyn, NY 11230, USA",40.61985,-73.9592,,,
JOHN DEWEY HIGH SCHOOL,404,468,390,1262,"50 Avenue X, Brooklyn, NY 11223, USA",40.58732,-73.9825,,,
LIFE ACADEMY HIGH SCHOOL FOR FILM AND MUSIC,384,375,365,1124,"2630 Benson Ave, Brooklyn, NY 11214, USA",40.59376,-73.9864,,,
EXPEDITIONARY LEARNING SCHOOL FOR COMMUNITY LEADERS,353,370,356,1079,"2630 Benson Ave, Brooklyn, NY 11214",40.59376,-73.9864,,,
WILLIAM E. GRADY CAREER AND TECHNICAL EDUCATION HIGH SCHOOL,394,414,376,1184,"25 Brighton 4th Rd, Brooklyn, NY 11235",40.58294,-73.9616,,,
BROOKLYN STUDIO SECONDARY SCHOOL,429,449,435,1313,"8310 21st Ave, Brooklyn, NY 11214, USA",40.60478,-73.995,,,
LIBERATION DIPLOMA PLUS,411,369,373,1153,"2865 W 19th St, Brooklyn, NY 11224, USA",40.57713,-73.9858,,,
MIDWOOD HIGH SCHOOL,478,519,476,1473,"2839 Bedford Ave, Brooklyn, NY 11210, USA",40.63283,-73.9524,,,
JAMES MADISON HIGH SCHOOL,436,475,439,1350,"3787 Bedford Ave, Brooklyn, NY 11229",40.61006,-73.9464,,,
SHEEPSHEAD BAY HIGH SCHOOL,383,392,370,1145,"3000 Avenue X, Brooklyn, NY 11235, USA",40.59372,-73.937,,,
LEON M. GOLDSTEIN HIGH SCHOOL FOR THE SCIENCES,524,561,542,1627,"1830 Shore Blvd, Brooklyn, NY 11235, USA",40.58041,-73.9352,,,
BROOKLYN COLLEGE ACADEMY,456,456,440,1352,"350 Coney Island Ave, Brooklyn, NY 11218, USA",40.6492,-73.9719,,,
BROOKLYN COLLEGIATE: A COLLEGE BOARD SCHOOL,389,409,387,1185,"2021 Bergen St, Brooklyn, NY 11233, USA",40.67447,-73.9134,,,
FREDERICK DOUGLASS ACADEMY VII HIGH SCHOOL,361,371,359,1091,"226 Bristol St, Brooklyn, NY 11212, USA",40.66553,-73.9121,,,
BROOKLYN DEMOCRACY ACADEMY,349,338,331,1018,"985 Rockaway Ave 2nd Floor, Brooklyn, NY 11212, USA",40.65569,-73.9064,,,
ASPIRATIONS DIPLOMA PLUS HIGH SCHOOL,311,371,311,993,"1150 E New York Ave, Brooklyn, NY 11212, USA",40.66629,-73.9239,,,
METROPOLITAN DIPLOMA PLUS HIGH SCHOOL,350,346,332,1028,"985 Rockaway Ave, Brooklyn, NY 11212",40.65578,-73.9063,,,
TEACHERS PREPARATORY HIGH SCHOOL,392,416,388,1196,"226 Bristol St, Brooklyn, NY 11212, USA",40.66554,-73.9119,,,
ACADEMY OF FINANCE AND ENTERPRISE,405,454,421,1280,"30-20 Thomson Ave, Queens, NY 11101, USA",40.74486,-73.9369,,,
HIGH SCHOOL OF APPLIED COMMUNICATION,406,413,400,1219,"30-20 Thomson Ave, Queens, NY 11101, USA",40.7446,-73.9369,,,
CIVIC LEADERSHIP ACADEMY,404,429,407,1240,"45-10 94th St, Queens, NY 11373, USA",40.74343,-73.8715,,,
PAN AMERICAN INTERNATIONAL HIGH SCHOOL,317,323,311,951,"45-10 94th St, Flushing, NY 11373, USA",40.74363,-73.8709,,,
BARD HIGH SCHOOL EARLY COLLEGE II,545,568,550,1663,"525 E Houston St, New York, NY 10002, USA",40.71846,-73.9759,,,
NEWTOWN HIGH SCHOOL,383,440,380,1203,"48-01 90th St, Queens, NY 11373, USA",40.7411,-73.874,,,
GROVER CLEVELAND HIGH SCHOOL,395,420,396,1211,"21-27 Himrod St, Queens, NY 11385, USA",40.71154,-73.909,,,
MIDDLE COLLEGE HIGH SCHOOL AT LAGUARDIA COMMUNITY COLLEGE,399,393,385,1177,"45-35 Van Dam St, Queens, NY 11101, USA",40.74333,-73.9333,,,
INTERNATIONAL HIGH SCHOOL AT LAGUARDIA COMMUNITY COLLEGE,326,409,329,1064,"45-35 Van Dam St, Queens, NY 11101, USA",40.744,-73.935,,,
HIGH SCHOOL FOR ARTS AND BUSINESS,391,403,380,1174,"105-25 Horace Harding Expy, Queens, NY 11368, USA",40.73764,-73.8534,,,
"ROBERT F. WAGNER, JR. SECONDARY SCHOOL FOR ARTS AND TECHNOLOGY",443,447,440,1330,"47-07 30th Pl, Queens, NY 11101, USA",40.74222,-73.9364,,,
QUEENS VOCATIONAL AND TECHNICAL HIGH SCHOOL,417,447,406,1270,"37-02 47th Ave, Long Island City, NY 11101, USA",40.74195,-73.928,,,
AVIATION CAREER & TECHNICAL EDUCATION HIGH SCHOOL,445,496,423,1364,"141 Federal Cir bldg #141, Jamaica, NY 11430",40.65878,-73.8094,,,
"QUEENS SCHOOL OF INQUIRY, THE",455,498,443,1396,"158-40 76th Rd, Queens, NY 11366, USA",40.72415,-73.8094,,,
FLUSHING INTERNATIONAL HIGH SCHOOL,314,417,318,1049,"144-80 Barclay Ave, Queens, NY 11355, USA",40.76004,-73.8181,,,
EASTsWEST SCHOOL OF INTERNATIONAL STUDIES,416,463,392,1271,"46-21 Colden St, Queens, NY 11355, USA",40.74923,-73.8215,,,
WORLD JOURNALISM PREPARATORY: A COLLEGE BOARD SCHOOL,471,489,481,1441,"34-65 192nd St, Queens, NY 11358, USA",40.76537,-73.7895,,,
JOHN BOWNE HIGH SCHOOL,397,451,395,1243,"63-25 Main St, Queens, NY 11367, USA",40.73854,-73.824,,,
FLUSHING HIGH SCHOOL,393,441,382,1216,"35-01 Union St, Queens, NY 11354, USA",40.76486,-73.8264,,,
TOWNSEND HARRIS HIGH SCHOOL,621,651,638,1910,"149-11 Melbourne Ave, Queens, NY 11367, USA",40.73502,-73.8213,,,
QUEENS ACADEMY HIGH SCHOOL,398,382,388,1168,"138-11 35th Ave, Queens, NY 11354, USA",40.76561,-73.8283,,,
ROBERT F. KENNEDY COMMUNITY HIGH SCHOOL,431,458,441,1330,"75-40 Parsons Blvd, Queens, NY 11366, USA",40.72535,-73.8113,,,
NORTH QUEENS COMMUNITY HIGH SCHOOL,379,421,377,1177,"141-25 77th Rd, Queens, NY 11367, USA",40.72058,-73.8196,,,
BENJAMIN N. CARDOZO HIGH SCHOOL,480,545,489,1514,"57-00 223rd St, Queens, NY 11364, USA",40.75179,-73.7564,,,
FRANCIS LEWIS HIGH SCHOOL,468,539,467,1474,"58-20 Utopia Pkwy, Queens, NY 11365, USA",40.74097,-73.7943,,,
MARTIN VAN BUREN HIGH SCHOOL,391,397,384,1172,"230-17 Hillside Ave., Queens, NY 11427, USA",40.73363,-73.7391,,,
BAYSIDE HIGH SCHOOL,462,523,464,1449,"32-24 Corporal Kennedy St, Queens, NY 11361, USA",40.77148,-73.7808,,,
"QUEENS HIGH SCHOOL OF TEACHING, LIBERAL ARTS AND THE SCIENCES",425,434,420,1279,"74-20 Commonwealth Blvd, Queens, NY 11426, USA",40.74412,-73.7288,,,
FREDERICK DOUGLASS ACADEMY VI HIGH SCHOOL,387,385,373,1145,"8-21 Bay 25th St, Far Rockaway, NY 11691, USA",40.60153,-73.764,,,
CHANNEL VIEW SCHOOL FOR RESEARCH,432,419,401,1252,"100-00 Beach Channel Dr, Queens, NY 11694, USA",40.58632,-73.8238,,,
"QUEENS HIGH SCHOOL FOR INFORMATION, RESEARCH, AND TECHNOLOGY",391,401,364,1156,"8-21 Bay 25th St, Queens, NY 11691, USA",40.60153,-73.764,,,
ROBERT H. GODDARD HIGH SCHOOL OF COMMUNICATION ARTS AND TECHNOLOGY,423,426,416,1265,"138-30 Lafayette St, Queens, NY 11417, USA",40.67104,-73.8457,,,
ACADEMY OF MEDICAL TECHNOLOGY: A COLLEGE BOARD SCHOOL,367,379,348,1094,"8-21 Bay 25th St, Queens, NY 11691",40.60175,-73.7634,,,
SCHOLARS,499,537,496,1532,"320 Beach 104th St, Queens, NY 11694",40.59023,-73.8027,,,
AUGUST MARTIN HIGH SCHOOL,377,371,360,1108,"156-10 Baisley Blvd, Queens, NY 11434, USA",40.67476,-73.7833,,,
BEACH CHANNEL HIGH SCHOOL,384,396,354,1134,"100-00 Beach Channel Dr, Rockaway Park, NY 11694, USA",40.58637,-73.8227,,,
RICHMOND HILL HIGH SCHOOL,382,404,368,1154,"1 Wildcat Dr, Richmond Hill, GA 31324, USA",31.92565,-81.3163,,,
JOHN ADAMS HIGH SCHOOL,391,409,392,1192,"101-01 Rockaway Boulevard Ozone Park Queens, 103-15 Rockaway Blvd, Jamaica, NY 11417",40.67926,-73.8368,,,
"HIGH SCHOOL FOR CONSTRUCTION TRADES, ENGINEERING AND ARCHITECTURE",429,491,425,1345,"94-06 104th St, Ozone Park, NY 11416, USA",40.68923,-73.8412,,,
QUEENS COLLEGIATE: A COLLEGE BOARD SCHOOL,420,445,400,1265,"167-01 Gothic Dr, Queens, NY 11432, USA",40.71443,-73.7983,,,
QUEENS SATELLITE HIGH SCHOOL FOR OPPORTUNITY,403,408,367,1178,"162-02 Hillside Ave., Jamaica, NY 11432, USA",40.70826,-73.7996,,,
JAMAICA GATEWAY TO THE SCIENCES,430,452,425,1307,"167-01 Gothic Dr, Queens, NY 11432, USA",40.71443,-73.7983,,,
FOREST HILLS HIGH SCHOOL,456,497,454,1407,"67-01 110th St, Queens, NY 11375, USA",40.72971,-73.8449,,,
JAMAICA HIGH SCHOOL,342,368,353,1063,"167-01 Gothic Dr, Jamaica, NY 11432, USA",40.71443,-73.7983,,,
HILLCREST HIGH SCHOOL,395,413,386,1194,"160-05 Highland Ave, Queens, NY 11432, USA",40.7094,-73.8023,,,
THOMAS A. EDISON CAREER AND TECHNICAL EDUCATION HIGH SCHOOL,452,478,442,1372,"165-65 84th Ave, Queens, NY 11432, USA",40.71627,-73.7983,,,
QUEENS GATEWAY TO HEALTH SCIENCES SECONDARY SCHOOL,513,523,502,1538,"160-20 Goethals Ave, Queens, NY 11432",40.71861,-73.8053,,,
QUEENS HIGH SCHOOL FOR THE SCIENCES AT YORK COLLEGE,612,660,596,1868,"94-50 159th St, Jamaica, NY 11451, USA",40.70093,-73.7983,,,
HIGH SCHOOL FOR LAW ENFORCEMENT AND PUBLIC SAFETY,406,406,384,1196,"116-25 Guy R Brewer Blvd, Queens, NY 11434, USA",40.68605,-73.7835,,,
YOUNG WOMEN,439,445,432,1316,"150-91 87th Rd, Queens, NY 11432",40.70861,-73.8035,,,
QUEENS PREPARATORY ACADEMY,360,380,359,1099,"143-10 Springfield Blvd, Queens, NY 11413, USA",40.66765,-73.7575,,,
PATHWAYS COLLEGE PREPARATORY SCHOOL: A COLLEGE BOARD SCHOOL,401,397,375,1173,"109-89 204th St, Queens, NY 11412, USA",40.70573,-73.753,,,
EXCELSIOR PREPARATORY HIGH SCHOOL,402,398,402,1202,"143-10 Springfield Blvd, Queens, NY 11413, USA",40.66804,-73.7579,,,
GEORGE WASHINGTON CARVER HIGH SCHOOL FOR THE SCIENCES,436,427,424,1287,"143-10 Springfield Blvd, Queens, NY 11413, USA",40.66751,-73.7576,,,
PREPARATORY ACADEMY FOR WRITERS: A COLLEGE BOARD SCHOOL,370,367,363,1100,"143-10 Springfield Blvd, Queens, NY 11413, USA",40.66759,-73.7582,,,
"MATHEMATICS, SCIENCE RESEARCH AND TECHNOLOGY MAGNET HIGH SCHOOL",400,426,394,1220,"207- 01 116th Ave, Queens, NY 11411, USA",40.6982,-73.746,,,
"LAW, GOVERNMENT AND COMMUNITY SERVICE HIGH SCHOOL",385,377,377,1139,"207-01 116th Ave, Cambria Heights, NY 11411, USA",40.69833,-73.7462,,,
HUMANITIES & ARTS MAGNET HIGH SCHOOL,393,381,377,1151,"207-01 116th Ave, Cambria Heights, NY 11411",40.69889,-73.745,,,
ACADEMY FOR CAREERS IN TELEVISION AND FILM,410,440,405,1255,"1-50 51st Ave, Queens, NY 11101, USA",40.74269,-73.9595,,,
WILLIAM CULLEN BRYANT HIGH SCHOOL,414,449,412,1275,"48-10 31st Ave, Queens, NY 11103, USA",40.75769,-73.9104,,,
LONG ISLAND CITY HIGH SCHOOL,403,420,395,1218,"14-30 Broadway, Queens, NY 11106, USA",40.76575,-73.9329,,,
FRANK SINATRA SCHOOL OF THE ARTS HIGH SCHOOL,504,496,494,1494,"35-12 35th Ave, Queens, NY 11106, USA",40.7561,-73.9252,,,
INFORMATION TECHNOLOGY HIGH SCHOOL,407,434,398,1239,"21-16 44th Rd, Queens, NY 11101, USA",40.74849,-73.9466,,,
NEWCOMERS HIGH SCHOOL,323,475,329,1127,"28-01 41st Ave, Queens, NY 11101, USA",40.7515,-73.9369,,,
ACADEMY OF AMERICAN STUDIES,487,492,491,1470,"40-11 28th St, Queens, NY 11101, USA",40.75242,-73.9369,,,
BACCALAUREATE SCHOOL FOR GLOBAL EDUCATION,524,568,544,1636,"34-12 36th Ave, Queens, NY 11106, USA",40.75516,-73.927,,,
CSI HIGH SCHOOL FOR INTERNATIONAL STUDIES,452,451,450,1353,"100 Essex Dr, Staten Island, NY 10314, USA",40.58193,-74.1586,,,
GAYNOR MCCOWN EXPEDITIONARY LEARNING SCHOOL,398,412,385,1195,"100 Essex Dr, Staten Island, NY 10314, USA",40.58178,-74.1589,,,
THE MICHAEL J. PETRIDES SCHOOL,472,488,466,1426,"715 Ocean Terrace, Staten Island, NY 10301, USA",40.60827,-74.1055,,,
NEW DORP HIGH SCHOOL,424,437,416,1277,"465 New Dorp Ln, Staten Island, NY 10306, USA",40.5699,-74.1068,,,
PORT RICHMOND HIGH SCHOOL,424,438,417,1279,"85 St Josephs Ave, Staten Island, NY 10302, USA",40.63513,-74.1422,,,
CURTIS HIGH SCHOOL,437,435,429,1301,"105 Hamilton Ave, Staten Island, NY 10301, USA",40.64539,-74.0822,,,
TOTTENVILLE HIGH SCHOOL,462,486,470,1418,"100 Luten Ave, Staten Island, NY 10312, USA",40.52794,-74.1921,,,
SUSAN E. WAGNER HIGH SCHOOL,455,474,459,1388,"1200 Manor Rd, Staten Island, NY 10314, USA",40.59749,-74.1249,,,
CONCORD HIGH SCHOOL,466,455,414,1335,"481 Burrage Rd NE, Concord, NC 28025, USA",35.43325,-80.5818,,,
RALPH R. MCKEE CAREER AND TECHNICAL EDUCATION HIGH SCHOOL,416,422,397,1235,"101 Belmont Pl, Staten Island, NY 10301, USA",40.64271,-74.0794,,,
STATEN ISLAND TECHNICAL HIGH SCHOOL,635,682,636,1953,"485 Clawson St, Staten Island, NY 10306, USA",40.56792,-74.117,,,
YOUNG ADULT BOROUGH CENTER AT STATEN IS TECH HS,405,375,370,1150,"105 Johnson St, Brooklyn, NY 11201",40.7003,-73.986,,,
ACADEMY FOR ENVIRONMENTAL LEADERSHIP,380,366,352,1098,"400 Irving Ave #4, Brooklyn, NY 11237, USA",40.69701,-73.9117,,,
EBC HIGH SCHOOL FOR PUBLIC SERVICEâ€“BUSHWICK,384,409,361,1154,"1155 Dekalb Ave, Brooklyn, NY 11221, USA",40.69472,-73.9293,,,
BUSHWICK SCHOOL FOR SOCIAL JUSTICE,348,353,334,1035,"400 Irving Ave, Brooklyn, NY 11237, USA",40.6969,-73.9112,,,
ACADEMY OF URBAN PLANNING,342,364,354,1060,"400 Irving Ave, Brooklyn, NY 11237, USA",40.697,-73.9116,,,
ALL CITY LEADERSHIP SECONDARY SCHOOL,428,465,422,1315,"321 Palmetto St, Brooklyn, NY 11237, USA",40.69759,-73.9131,,,
BUSHWICK LEADERS HIGH SCHOOL FOR ACADEMIC EXCELLENCE,347,358,350,1055,"976 Seneca Avenue, Queens, NY 11385, USA",40.69534,-73.9274,,,
BUSHWICK COMMUNITY HIGH SCHOOL,359,317,358,1034,"231 Palmetto St, Brooklyn, NY 11221, USA",40.69539,-73.9153,,,
P.S. Q811,429,444,433,1306,"58-20 Utopia Pkwy, Queens, NY 11365, USA",40.74047,-73.7936,,,
GED PLUS s CITYWIDE,496,400,426,1322,"832 Marcy Ave, Brooklyn, NY 11216",40.70162,-73.955,,,
PHOENIX ACADEMY,367,370,360,1097,"199-12 Linden Blvd, St. Albans, NY 11412",40.71158,-73.7603,,,